name;type;description;build_date;heritage;wikipedia;religion;denomination;ref_mhs;city;department;region;latitude;longitude
Fanny Banach née Tobias;memorial;;2024-09-20;;;;;;Lille;Nord;Hauts-de-France;50.6297313872253;3.05554522789367
Monument aux Morts d'Hellemmes;memorial;;;;;;;;Lille;Nord;Hauts-de-France;50.6250020659977;3.11690025620962
Château Fanyau;castle;;;;;;;;Lille;Nord;Hauts-de-France;50.6281319565486;3.10850046902498
Michael Trotobas dit Capitaine Michel;memorial;;2026-01-23;;;;;;Lille;Nord;Hauts-de-France;50.620998952861;3.07856805279746
Église Saint-Sauveur;place_of_worship;;;;fr:Église Saint-Sauveur de Lille;christian;catholic;;Lille;Nord;Hauts-de-France;50.6315335157672;3.07281742251597
Monument aux morts de Lomme;memorial;;;;;;;;Lille;Nord;Hauts-de-France;50.6422770846193;3.01436435086899
Vestiges de l'ancien tramway de Lille;yes;;;;;;;;Lille;Nord;Hauts-de-France;50.6395438298134;3.07136699214303
Chapelle Saint-Joseph;place_of_worship;;;;;christian;;;Lille;Nord;Hauts-de-France;50.6214770566181;3.05883193976607
Vestiges de l'ancienne collégiale Saint-Pierre;ruins;Collégiale Saint-Pierre (vestiges de l'ancienne) (cad. A 458) : classement par arrêté du 3 février 1971;;2;fr:Collégiale Saint-Pierre de Lille;;;PA00107574;Lille;Nord;Hauts-de-France;50.6421481709484;3.06260103016612
Lille à ses Fusillés;memorial;;;;fr:Les Fusillés lillois;;;;Lille;Nord;Hauts-de-France;50.6377384936;3.05167769204098
Lipa Lambig;memorial;;2023-05-12;;;;;;Lille;Nord;Hauts-de-France;50.6321059803943;3.05730886414042
Riwka Rozenpik née Szermann;memorial;;2024-06-14;;;;;;Lille;Nord;Hauts-de-France;50.6331612620039;3.05671156972028
Calvaire du Dieu de Marcq;wayside_cross;;;;;;;;Lille;Nord;Hauts-de-France;50.6478156785982;3.08574178844754
Monument de la famille Legrand;memorial;;;;;;;;Lille;Nord;Hauts-de-France;50.6324307791423;3.08550935827256
;fountain;;;;;;;;Lille;Nord;Hauts-de-France;50.6311877429017;3.06159126229079
;memorial;;;;;;;;Lille;Nord;Hauts-de-France;50.6273943449824;3.10901816592232
Église Saint-Thomas-d’Aquin des Dominicains;place_of_worship;;;3;;christian;catholic;PA59000088;Lille;Nord;Hauts-de-France;50.649105484439;3.08343635118933
Marion;memorial;;2023-03-12;;;;;;Lille;Nord;Hauts-de-France;50.6219310204939;3.08834269300229
Mosquée Fraternité;place_of_worship;;;;;muslim;sunni;;Lille;Nord;Hauts-de-France;50.6316708429477;3.09315095892696
;place_of_worship;;;;;christian;baptist;;Lille;Nord;Hauts-de-France;50.6178849274571;3.02727004784207
Daniel Griffiths;memorial;;2026-02-06;;;;;;Lille;Nord;Hauts-de-France;50.6400074328779;3.06920102454396
Max Kopelowicz;memorial;;2023-05-12;;;;;;Lille;Nord;Hauts-de-France;50.6338342450097;3.08543819591461
;fountain;;;;;;;;Lille;Nord;Hauts-de-France;50.6149605230845;3.06823316843961
Maurice Swierc;memorial;;2023-05-12;;;;;;Lille;Nord;Hauts-de-France;50.6338386874184;3.06802764191872
Église Saint-Benoît Labre;place_of_worship;;;;;christian;catholic;;Lille;Nord;Hauts-de-France;50.6204185350588;3.05234539016005
Église évangélique Le Rocher;place_of_worship;;;;;christian;evangelical;;Lille;Nord;Hauts-de-France;50.6290628991725;3.11359759635579
;wayside_cross;;;;;;;;Lille;Nord;Hauts-de-France;50.6278334728897;3.12026818872377
Porte de Dunkerque;city_gate;"La porte avec ses deux corps de garde, ses deux piliers et le mur de rempart, en bordure du bras de la Deûle, sur le site dénommé ""magasin aux pavés"" (cad. EV 41) : inscription par arrêté du 2 novembre 2004";;3;fr:Porte de Dunkerque;;;PA59000107;Lille;Nord;Hauts-de-France;50.6365037973514;3.04108057758714
;wayside_cross;;;;;;;;Lille;Nord;Hauts-de-France;50.6460763025537;2.98074674288252
Chaja Radoszycki née Knobel;memorial;;2024-09-11;;;;;;Lille;Nord;Hauts-de-France;50.6284060406955;3.05391645646901
Cité Philanthropique;yes;;;;fr:Cité philanthropique;;;;Lille;Nord;Hauts-de-France;50.6235421238989;3.05847193049716
Mosquée El-Houda;place_of_worship;;;;;muslim;sunni;;Lille;Nord;Hauts-de-France;50.6016741256057;3.05113581169592
Max Kopelowicz;memorial;;2023-05-12;;;;;;Lille;Nord;Hauts-de-France;50.6338342450097;3.08543819591461
Tenaille de Gand;citywalls;;;;;;;;Lille;Nord;Hauts-de-France;50.6440433532696;3.0681980523275
Denise Gilman;memorial;;2026-01-23;;;;;;Lille;Nord;Hauts-de-France;50.6210000425085;3.07856855571166
Mina Sporer;memorial;;2026-02-05;;;;;;Lille;Nord;Hauts-de-France;50.6346323698299;3.06773829862115
Faël;memorial;;2022-01-14;;;;;;Lille;Nord;Hauts-de-France;50.6225815399992;3.09118952259615
Micheline Teichler;memorial;;2023-05-12;;;;;;Lille;Nord;Hauts-de-France;50.6371681469969;3.06823886587867
;advertising;;;;;;;;Lille;Nord;Hauts-de-France;50.6464136376544;3.00846214993032
Église Notre-Dame de Fives;place_of_worship;;1852-01-01;3;;christian;catholic;PA59000190;Lille;Nord;Hauts-de-France;50.6341988947303;3.08795903893464
Observatoire de l'Institut de mathématiques appliquées et d'astronomie;yes;L'observatoire en totalité (cad. IM 3) : inscription par arrêté du 15 novembre 2001;;3;;;;PA59000079;Lille;Nord;Hauts-de-France;50.6151421922677;3.07147342308072
Hospice général;building;Toitures, façades intérieures et extérieures, grand escalier et chapelle : inscription par arrêté du 10 février 1948;1846-01-01;3;;;;PA00107588;Lille;Nord;Hauts-de-France;50.6463424517285;3.06218668528084
Église Saint-Louis;place_of_worship;;;;;christian;catholic;;Lille;Nord;Hauts-de-France;50.6247744147549;3.09105013270484
Mosquée Omar ibn Al Khattab;place_of_worship;;;;;muslim;sunni;;Lille;Nord;Hauts-de-France;50.6290056415034;3.0256463170953
;fountain;;;;;;;;Lille;Nord;Hauts-de-France;50.631191263301;3.06152596726508
;fountain;;;;;;;;Lille;Nord;Hauts-de-France;50.6311301592268;3.06148363865404
Monument Henri Jooris;memorial;;;;;;;;Lille;Nord;Hauts-de-France;50.6448257699172;3.04590629070122
Statue de la Demoiselle de Fives;memorial;;;;;;;;Lille;Nord;Hauts-de-France;50.6329595934135;3.09013147495855
Centre de Mémoire : l'Usine de Fives aux Martyrs de 1939-1945;memorial;;;;;;;;Lille;Nord;Hauts-de-France;50.6262894425061;3.09090076603181
Mémorial aux victimes des 18 ponts;memorial;;;;fr:Dépôt de munition des dix-huit ponts;;;;Lille;Nord;Hauts-de-France;50.6225906762737;3.07237231760968
;fountain;;;;;;;;Lille;Nord;Hauts-de-France;50.6314486718299;3.06932417970993
;fountain;;;;;;;;Lille;Nord;Hauts-de-France;50.6355210995344;3.062932006161
Chapelle des franciscaines;church;;;;fr:Chapelle des franciscaines (Lille);;;;Lille;Nord;Hauts-de-France;50.6414969357574;3.05997253778854
Bernard Teichler;memorial;;2023-05-12;;;;;;Lille;Nord;Hauts-de-France;50.6371679793589;3.06824029080221
;monument;;;;;;;;Lille;Nord;Hauts-de-France;50.6422768566374;3.01437731624627
Édouard Lalo;memorial;;;;;;;;Lille;Nord;Hauts-de-France;50.6371913648687;3.05108287028216
Colonne de la Déesse;memorial;;1845-10-08;;fr:Colonne de la Déesse;;;;Lille;Nord;Hauts-de-France;50.6369019099266;3.06343858667533
Église du Sacré Coeur;place_of_worship;;;;;christian;catholic;;Lille;Nord;Hauts-de-France;50.6414149781423;3.01338413322448
Chapelle Notre-Dame du Rosaire;place_of_worship;;2005-01-01;;fr:Chapelle Notre-Dame du Rosaire (Lille);christian;roman_catholic;;Lille;Nord;Hauts-de-France;50.6513897195891;3.08381834491329
Association Culturelle Des Travailleurs Turcs;place_of_worship;;;;;muslim;sunni;;Lille;Nord;Hauts-de-France;50.6310637574313;3.09924966182391
Église du Saint-Sacrement;place_of_worship;;;;;christian;catholic;;Lille;Nord;Hauts-de-France;50.633368934694;3.09940320047078
Chapelle;place_of_worship;;;;;christian;catholic;;Lille;Nord;Hauts-de-France;50.6443462057965;3.090934276381
Église Saint-Martin d'Esquermes;place_of_worship;;1851-01-01;;;christian;catholic;;Lille;Nord;Hauts-de-France;50.6244284251949;3.03972113927985
Hôtel de Marchiennes;house;Hôtel de Marchiennes (cad. B 2042) : classement par arrêté du 3 novembre 1958;;2;fr:Hôtel de Marchiennes;;;PA00107603;Lille;Nord;Hauts-de-France;50.6324474329073;3.06879920109542
La Voix du Nord;yes;;;;;;;;Lille;Nord;Hauts-de-France;50.6362938097121;3.06458041651001
Leib Rozenpik;memorial;;2024-06-14;;;;;;Lille;Nord;Hauts-de-France;50.6331604238135;3.05671299464382
;fountain;;;;;;;;Lille;Nord;Hauts-de-France;50.638000218525;3.05652834131689
Monument à Delory et Salengro;memorial;;1959-01-01;;;;;;Lille;Nord;Hauts-de-France;50.6299517721972;3.07013266069975
;fountain;;;;;;;;Lille;Nord;Hauts-de-France;50.6307741938327;3.0707127893803
Porte de Roubaix;city_gate;;1625-01-01;;;;;;Lille;Nord;Hauts-de-France;50.6393523871449;3.07078947901437
Caserne Souham;military;"Façades et toitures de tous les bâtiments subsistants ; les murs de clôture de la caserne (mur d'enceinte de la ville et autres murs) (cad. HR 115) : inscription par arrêté du 29 novembre 1985";;3;fr:Caserne Souham;;;PA00107570;Lille;Nord;Hauts-de-France;50.638087390318;3.07154854416578
Micheline Teichler;memorial;;2023-05-12;;;;;;Lille;Nord;Hauts-de-France;50.6371681469969;3.06823886587867
Élie Rabinovitch;memorial;;2024-09-20;;;;;;Lille;Nord;Hauts-de-France;50.6305834915019;3.05726058437813
Georges Kurcbard;memorial;;2024-09-30;;;;;;Lille;Nord;Hauts-de-France;50.6350195299374;3.07199949055649
Ida Sporer;memorial;;2026-02-05;;;;;;Lille;Nord;Hauts-de-France;50.6346316992776;3.06774072937307
Rose Lambek;memorial;;2026-02-05;;;;;;Lille;Nord;Hauts-de-France;50.6332378725989;3.06396686128824
;wayside_cross;;;;;;;;Lille;Nord;Hauts-de-France;50.6443927607993;2.97422685315132
Église Sainte-Catherine;place_of_worship;;;2;fr:Église Sainte-Catherine de Lille;christian;catholic;PA00107578;Lille;Nord;Hauts-de-France;50.6394577086161;3.05698795727802
Gisza Kurcbard née Arman;memorial;;2024-09-30;;;;;;Lille;Nord;Hauts-de-France;50.6350201166707;3.07199806563295
Léon Karmiol;memorial;;2024-09-20;;;;;;Lille;Nord;Hauts-de-France;50.6335327479526;3.06409569114001
Chaja Radoszycki née Knobel;memorial;;2024-09-11;;;;;;Lille;Nord;Hauts-de-France;50.6284060406955;3.05391645646901
Église évangélique tzigane;place_of_worship;;;;;christian;evangelical;;Lille;Nord;Hauts-de-France;50.6324614597172;3.00320186459947
Beila Komar née Galicka;memorial;;2024-09-30;;;;;;Lille;Nord;Hauts-de-France;50.6291793550823;3.06338339700832
;memorial;;;;;;;;Lille;Nord;Hauts-de-France;50.6313332527408;3.07076416566679
Église Saint-Maurice-des-Champs;place_of_worship;;1879-01-01;;;christian;catholic;;Lille;Nord;Hauts-de-France;50.6416808643986;3.08614483122924
;fountain;;;;;;;;Lille;Nord;Hauts-de-France;50.6311580207464;3.06155198423935
Fanny Banach née Tobias;memorial;;2024-09-20;;;;;;Lille;Nord;Hauts-de-France;50.6297313872253;3.05554522789367
Lycée européen Thérèse d'Avila;place_of_worship;;;;;christian;catholic;;Lille;Nord;Hauts-de-France;50.6310503635087;3.04778149007922
Temple antoiniste;place_of_worship;;;;;antoinist;;;Lille;Nord;Hauts-de-France;50.625278127969;3.04198859135989
Église Saint-Étienne;place_of_worship;;;2;fr:Église Saint-Étienne de Lille;christian;catholic;"PA00107580;IA59001591";Lille;Nord;Hauts-de-France;50.6350914898271;3.05962392994324
Église Saint-Denis;place_of_worship;;;;fr:Église Saint-Denis d'Hellemmes;christian;catholic;;Lille;Nord;Hauts-de-France;50.6281565906843;3.11115540462789
Église Saint-Christophe;place_of_worship;;;;;christian;;;Lille;Nord;Hauts-de-France;50.6446501814755;2.98993830082152
;fountain;;;;;;;;Lille;Nord;Hauts-de-France;50.6315664053412;3.06916881093909
Église orthodoxe grecque Saint-Paul;place_of_worship;;;;;christian;;;Lille;Nord;Hauts-de-France;50.6448853057296;3.05371337446351
Magasins généraux;building;;;3;fr:Magasins généraux de Lille;;;PA00107669;Lille;Nord;Hauts-de-France;50.6457169266019;3.05314338102763
Colonne Boufflers;memorial;;1908-01-01;;fr:Liste des statues de Lille#Boufflers;;;;Lille;Nord;Hauts-de-France;50.6398233662842;3.04834726854341
;memorial;;;;;;;;Lille;Nord;Hauts-de-France;50.6308791212268;3.11275188469097
Abraham Grudki;memorial;;2024-09-11;;;;;;Lille;Nord;Hauts-de-France;50.6414413250538;3.0620178173433
;milestone;;;;;;;;Lille;Nord;Hauts-de-France;50.6350640378433;3.02762544369884
Monument Leon Trulin;memorial;;;;;;;;Lille;Nord;Hauts-de-France;50.6421633421932;3.04083096451063
Chapelle du Réduit;place_of_worship;;;;;christian;catholic;;Lille;Nord;Hauts-de-France;50.6293928960404;3.07155093083523
Église Saint-Vincent de Paul;place_of_worship;;1983-01-01;;;christian;;;Lille;Nord;Hauts-de-France;50.6190667161851;3.07139654810799
Église évangélique APC métropolle lilloise;place_of_worship;;;;;christian;;;Lille;Nord;Hauts-de-France;50.6194869780923;3.05147801271857
Notre-Dame de la Bonne Mort;wayside_shrine;;;;;christian;catholic;;Lille;Nord;Hauts-de-France;50.6250044216748;3.11689861787298
Antoine Silberstein;memorial;;2026-02-05;;;;;;Lille;Nord;Hauts-de-France;50.6354231185753;3.09638613492567
;yes;;;;;;;;Lille;Nord;Hauts-de-France;50.6296759821563;3.06878994999898
Église du Sacré-Cœur;place_of_worship;;1898-01-01;;fr:Église du Sacré-Cœur de Lille;christian;;;Lille;Nord;Hauts-de-France;50.6331398157159;3.05227933194108
Fort Saint-Sauveur;fort;;;;;;;;Lille;Nord;Hauts-de-France;50.6295691973989;3.07148039929297
;memorial;;2020-05-22;;;;;;Lille;Nord;Hauts-de-France;50.6240429248175;3.08062916278783
Blanche Karmiol née Rabinovitch;memorial;;2024-09-20;;;;;;Lille;Nord;Hauts-de-France;50.6335336699619;3.06409669696839
Buste de Pasteur;memorial;;1895-01-01;;;;;;Lille;Nord;Hauts-de-France;50.6287847350809;3.07449327438869
Moulin de la Citadelle;yes;;;;;;;;Lille;Nord;Hauts-de-France;50.6399724803417;3.04566606535627
Floris Lehembre;memorial;;2026-01-23;;;;;;Lille;Nord;Hauts-de-France;50.6462226979001;3.05914148345028
Église Saint-Nicolas;place_of_worship;;;;;christian;orthodox;;Lille;Nord;Hauts-de-France;50.6351710983402;3.09870601086305
Église du Cœur Immaculé de Marie;place_of_worship;;;;;christian;;;Lille;Nord;Hauts-de-France;50.6123263625357;3.043189404088
;fountain;;;;;;;;Lille;Nord;Hauts-de-France;50.6308496622508;3.0710891437372
Rayzla Blank née Fuks;memorial;;2024-09-30;;;;;;Lille;Nord;Hauts-de-France;50.6335588994904;3.07219948276622
Le 48e Mobile;memorial;;;;;;;;Lille;Nord;Hauts-de-France;50.6451172925096;3.05044207378455
Abraham Sporer;memorial;;2026-02-05;;;;;;Lille;Nord;Hauts-de-France;50.6346361416863;3.06773561641214
Statue de Faidherbe;memorial;;;3;;;;PA00107726;Lille;Nord;Hauts-de-France;50.631971103772;3.0618483759641
Plaque commémorative en hommage aux 24 cheminots;memorial;Plaque commémorative en hommage aux 24 cheminots qui ont sauvé 34 juifs dont 21 enfants de la Rafle du 11 septembre 1942;2016-09-11;;;;;;Lille;Nord;Hauts-de-France;50.6257659926529;3.08826775878791
;advertising;;;;;;;;Lille;Nord;Hauts-de-France;50.6396872441767;3.06915249332459
;memorial;Stèle rappelant la rattachement de la commune de Wazemmes à Lille en 1858.;;;;;;;Lille;Nord;Hauts-de-France;50.6302092395252;3.0563125911292
;fountain;;;;;;;;Lille;Nord;Hauts-de-France;50.6037319808665;3.04668488568703
Église Saint-Maurice;place_of_worship;Église Saint-Maurice : classement par liste de 1840;;2;fr:Église Saint-Maurice de Lille;christian;catholic;PA00107582;Lille;Nord;Hauts-de-France;50.6359057495757;3.06757474648422
;fountain;;;;;;;;Lille;Nord;Hauts-de-France;50.6311933587768;3.06154734111817
;fountain;;;;;;;;Lille;Nord;Hauts-de-France;50.6311169996389;3.06149394839494
David;memorial;;2023-10-27;;;;;;Lille;Nord;Hauts-de-France;50.6167520939801;3.03404589771071
Mosquée de Lille el Forkane;place_of_worship;;;;;muslim;sunni;;Lille;Nord;Hauts-de-France;50.6418101932593;3.0914620454973
Georges Renard;memorial;;2026-02-06;;;;;;Lille;Nord;Hauts-de-France;50.6318426209966;3.07224642142401
Paula Sporer;memorial;;2026-02-05;;;;;;Lille;Nord;Hauts-de-France;50.634632872744;3.06773997500179
Fanny Lambek;memorial;;2026-02-05;;;;;;Lille;Nord;Hauts-de-France;50.6332371182276;3.06396568782179
Le Marteau-Pilon;industrial;;1870-01-01;;fr:Liste des propriétés communales, services et écoles d’Hellemmes#Le Marteau-Pilon;;;;Lille;Nord;Hauts-de-France;50.6250641988957;3.101520114428
;memorial;;;;;;;;Lille;Nord;Hauts-de-France;50.6233354997727;3.10841383274662
Philoméne VAN EYDE;memorial;;;;;;;;Lille;Nord;Hauts-de-France;50.639872735694;3.07163588359683
Violette Silberstein;memorial;;2026-02-05;;;;;;Lille;Nord;Hauts-de-France;50.6354230347562;3.0963825307073
Sisia Tobias;memorial;;2024-09-20;;;;;;Lille;Nord;Hauts-de-France;50.6297308843111;3.05554388678917
Esther Tobias née Israël;memorial;;2024-09-20;;;;;;Lille;Nord;Hauts-de-France;50.6297302975779;3.05554246186563
Synagogue;place_of_worship;;;3;fr:Synagogue de Lille;jewish;;PA00107727;Lille;Nord;Hauts-de-France;50.6285986464694;3.06562873830127
Église Protestante Unie de France;place_of_worship;;;;;christian;protestant;;Lille;Nord;Hauts-de-France;50.6330327237757;3.09241931316397
Vieille Bourse;yes;;;2;fr:Vieille Bourse;;;PA00107569;Lille;Nord;Hauts-de-France;50.6370462967759;3.06428114232538
Église Notre-Dame des Victoires;place_of_worship;;1937-01-01;;;christian;catholic;;Lille;Nord;Hauts-de-France;50.619038398423;3.02742137860931
Église Evangelique;place_of_worship;;;;;christian;evangelical;;Lille;Nord;Hauts-de-France;50.6291569754008;3.10309065163608
Monument à Louise de Bettignies et aux femmes héroïques des pays envahis;monument;;;;;;;;Lille;Nord;Hauts-de-France;50.641592366949;3.07079962111723
;fountain;;;;;;;;Lille;Nord;Hauts-de-France;50.6455992519421;2.9850430286445
Jardin du souvenir;wayside_shrine;;;;;multifaith;;;Lille;Nord;Hauts-de-France;50.6444292220781;3.07890793897116
Gisza Kurcbard née Arman;memorial;;2024-09-30;;;;;;Lille;Nord;Hauts-de-France;50.6350201166707;3.07199806563295
Église Notre-Dame de la Visitation;place_of_worship;;;;;christian;catholic;;Lille;Nord;Hauts-de-France;50.6458117092338;2.98520253558887
Chapelle de la famille Gonnet, située au cimetière de l'Est;wayside_shrine;La chapelle en totalité, ainsi que sa grille de clôture, section 024, face à 023, tombe n° 2 (cad. AH 74) : inscription par arrêté du 19 avril 2006;;3;;christian;;PA59000126;Lille;Nord;Hauts-de-France;50.6434293448485;3.08105513110712
Mosquée Es-Salam;place_of_worship;;;;;muslim;sunni;;Lille;Nord;Hauts-de-France;50.6205466062271;3.07446213837328
Église Sainte-Marie-Madeleine;building;;1676-01-01;2;fr:Église Sainte-Marie-Madeleine de Lille;christian;roman_catholic;PA00107581;Lille;Nord;Hauts-de-France;50.6447994644452;3.06320603355178
Église Saint-Charles;place_of_worship;;;;;christian;catholic;;Lille;Nord;Hauts-de-France;50.6315730209346;3.02582859115068
Oscar Sporer;memorial;;2026-02-05;;;;;;Lille;Nord;Hauts-de-France;50.6346349682198;3.06773645460245
Lipa Lambig;memorial;;2023-05-12;;;;;;Lille;Nord;Hauts-de-France;50.6321059803943;3.05730886414042
;memorial;;;;;;;;Lille;Nord;Hauts-de-France;50.6369012671999;3.06343754410284
;place_of_worship;;;;;muslim;sunni;;Lille;Nord;Hauts-de-France;50.6230458584948;3.0574715188083
Monument au Maréchal Foch;memorial;;;;;;;;Lille;Nord;Hauts-de-France;50.635926870956;3.05661769240473
Rosalie Silberstein née Mayer;memorial;;2026-02-05;;;;;;Lille;Nord;Hauts-de-France;50.6354230347562;3.096384374726
Palais Rihour;castle;Palais Rihour (vestiges : salle du conclave près de l'ancien Hôtel de Ville) : classement par liste de 1875;;2;fr:Palais Rihour;;;PA00107721;Lille;Nord;Hauts-de-France;50.6355268824311;3.06195829486251
Christ Church Lille;place_of_worship;;;;;christian;anglican;;Lille;Nord;Hauts-de-France;50.6301480226787;3.06619301455614
Porte de Paris;monument;;;;;;;;Lille;Nord;Hauts-de-France;50.6296581293915;3.06880145921969
;fountain;;;;;;;;Lille;Nord;Hauts-de-France;50.631159495888;3.06148137554018
;fountain;;;;;;;;Lille;Nord;Hauts-de-France;50.6311440731861;3.06147944770245
La chapelle Notre-Dame d'Annay;place_of_worship;;;;fr:Liste des édifices religieux de Lille;christian;catholic;;Lille;Nord;Hauts-de-France;50.6423569632144;3.06016507791301
Riwka Rozenpik née Szermann;memorial;;2024-06-14;;;;;;Lille;Nord;Hauts-de-France;50.6331612620039;3.05671156972028
Église Saint-Pierre Saint-Paul;place_of_worship;;1857-01-01;;;christian;catholic;;Lille;Nord;Hauts-de-France;50.6261461056055;3.05086052173635
Église Saint-Philibert;place_of_worship;;;;;christian;catholic;;Lille;Nord;Hauts-de-France;50.6112601134192;3.06981750523228
Betty Sporer;memorial;;2026-02-05;;;;;;Lille;Nord;Hauts-de-France;50.6346311963634;3.06773905299244
Liebe Lambek;memorial;;2026-02-05;;;;;;Lille;Nord;Hauts-de-France;50.6332386269702;3.06396585545986
;memorial;;;;;;;;Lille;Nord;Hauts-de-France;50.6301872789389;3.11300594017615
Fontaine mauresque;fountain;;;;;;;;Lille;Nord;Hauts-de-France;50.6267653669683;3.05101313284777
;fountain;;;;;;;;Lille;Nord;Hauts-de-France;50.6311831328549;3.0615059345165
Mosquée Assounna;place_of_worship;;;;;muslim;sunni;;Lille;Nord;Hauts-de-France;50.6200252174743;3.04892853034215
;fountain;;;;;;;;Lille;Nord;Hauts-de-France;50.6311724878379;3.06148992508142
;yes;;;;;;;;Lille;Nord;Hauts-de-France;50.6296335329214;3.06881022628086
;memorial;;;;;;;;Lille;Nord;Hauts-de-France;50.6158183275429;3.07823326996736
La Rolande;ship;;1934-01-01;3;;;;PM59001602;Lille;Nord;Hauts-de-France;50.6380215020899;3.03648390060924
Max Sporer;memorial;;2026-02-05;;;;;;Lille;Nord;Hauts-de-France;50.6346365607815;3.06773746043083
Maurice Swierc;memorial;;2023-05-12;;;;;;Lille;Nord;Hauts-de-France;50.6338386874184;3.06802764191872
Liliane Rozenpik;memorial;;2024-06-14;;;;;;Lille;Nord;Hauts-de-France;50.6331619325561;3.05671014479674
À Jean Jaurès;memorial;;;;;;;;Lille;Nord;Hauts-de-France;50.6400580595731;3.0152891262461
Usine élévatoire de Saint-André;industrial;Ensemble des bâtiments de l'usine, y compris le mur de clôture et la rigole d'assèchement (cad. TC 8) : inscription par arrêté du 31 décembre 1999;1876-01-01;3;;;;PA59000044;Lille;Nord;Hauts-de-France;50.6484319172733;3.06054163679478
Chapelle d'Élocques;place_of_worship;;;;;christian;catholic;;Lille;Nord;Hauts-de-France;50.6341368777142;3.10295611636814
Mosquée Al Imane;place_of_worship;;;;fr:Mosquée Al-Imane de Lille;muslim;sunni;;Lille;Nord;Hauts-de-France;50.613440813964;3.06126869887602
Chapelle de l'université catholique de Lille;place_of_worship;;;;;christian;catholic;;Lille;Nord;Hauts-de-France;50.6327193939345;3.04619065383941
;fountain;;;;;;;;Lille;Nord;Hauts-de-France;50.6365985966763;3.06002175092155
Joseph Sporer;memorial;;2026-02-05;;;;;;Lille;Nord;Hauts-de-France;50.634635387315;3.06773829862115
Liliane Rozenpik;memorial;;2024-06-14;;;;;;Lille;Nord;Hauts-de-France;50.6331619325561;3.05671014479674
;fountain;;1989-01-01;;;;;;Lille;Nord;Hauts-de-France;50.6369027237529;3.06343827604313
Église évangélique baptiste de toutes les nations;place_of_worship;;;;;christian;baptist;;Lille;Nord;Hauts-de-France;50.6342708360681;3.03021110301114
Esther Tobias née Israël;memorial;;2024-09-20;;;;;;Lille;Nord;Hauts-de-France;50.6297302975779;3.05554246186563
Sisia Tobias;memorial;;2024-09-20;;;;;;Lille;Nord;Hauts-de-France;50.6297308843111;3.05554388678917
;place_of_worship;;1670-01-01;;;christian;;;Lille;Nord;Hauts-de-France;50.6415012174508;3.04379505075025
Jonas Radoszycki;memorial;;2024-09-11;;;;;;Lille;Nord;Hauts-de-France;50.6284070465239;3.05391561827869
Jean Lavaud;memorial;;2026-02-06;;;;;;Lille;Nord;Hauts-de-France;50.6387316233959;3.06551005348152
Notre-Dame de Pellevoisin;place_of_worship;;1911-01-01;;fr:Église Notre-Dame-de-Pellevoisin de Lille;christian;catholic;;Lille;Nord;Hauts-de-France;50.6500810918213;3.09123867469962
Temple protestant;place_of_worship;;;3;fr:Temple protestant de Lille;christian;protestant;PA59000172;Lille;Nord;Hauts-de-France;50.6283236480745;3.06503904053638
;memorial;;;;;;;;Lille;Nord;Hauts-de-France;50.6343586168722;3.09754694469615
Moulin Saint-Pierre;ruins;;;;;;;;Lille;Nord;Hauts-de-France;50.6408853013834;3.06358733991179
;memorial;;;;;;;;Lille;Nord;Hauts-de-France;50.6355642698247;3.06215544819341
Église de la Trompette;place_of_worship;;;;;christian;evangelical;;Lille;Nord;Hauts-de-France;50.6076880303498;3.04417604652991
Au pigeon voyageur;memorial;;1936-01-01;;;;;;Lille;Nord;Hauts-de-France;50.6383242912375;3.05040179337933
Beila Komar née Galicka;memorial;;2024-09-30;;;;;;Lille;Nord;Hauts-de-France;50.6291793550823;3.06338339700832
Église Notre-Dame-de-Lourdes;place_of_worship;;;;;christian;catholic;;Lille;Nord;Hauts-de-France;50.6313721259055;3.00600144903423
Mosquée Ennour;place_of_worship;;;;;muslim;sunni;;Lille;Nord;Hauts-de-France;50.6474823645882;3.00248576991719
Église Adventiste;place_of_worship;;;;;christian;seventh_day_adventist;;Lille;Nord;Hauts-de-France;50.6379142962732;3.06285709512954
Mémorial De Gaulle;memorial;;;;;;;;Lille;Nord;Hauts-de-France;50.6373090467893;3.05131253442912
Église Sainte-Marie-Madeleine;place_of_worship;;;3;;christian;roman_catholic;PA00107571;Lille;Nord;Hauts-de-France;50.6434136706896;3.06676574639593
Bernard Teichler;memorial;;2023-05-12;;;;;;Lille;Nord;Hauts-de-France;50.6371679793589;3.06824029080221
Mosquée Badr;place_of_worship;;;;;muslim;sunni;;Lille;Nord;Hauts-de-France;50.6192553195897;3.06420514277146
Rue des Stations Notre-Dame;memorial;;;;;;;;Lille;Nord;Hauts-de-France;50.6315817761699;3.05381947784929
Beffroi de Lille;tower;Inscrit au patrimoine mondial de l'UNESCO, le beffroi de l'Hôtel de Ville domine Lille du haut de ses 104 mètres ! Une fois les 100 premières marches gravies, montez en ascenseur (ou à pied pour les plus courageux) jusqu'au sommet du beffroi...;;1;fr:Beffroi de Lille;;;;Lille;Nord;Hauts-de-France;50.6306209602414;3.06980827260665
Jonas Radoszycki;memorial;;2024-09-11;;;;;;Lille;Nord;Hauts-de-France;50.6284070465239;3.05391561827869
Statue de Léon Trulin;memorial;;;;;;;;Lille;Nord;Hauts-de-France;50.637501243829;3.06570082559773
;fountain;;;;;;;;Lille;Nord;Hauts-de-France;50.6311790257224;3.06160894810648
;fountain;;;;;;;;Lille;Nord;Hauts-de-France;50.6311069413551;3.06150752707811
Au Peuple Polonais;memorial;;;;;;;;Lille;Nord;Hauts-de-France;50.6240939706079;3.06797064497712
Porte de Paris;city_gate;;;;;;;;Lille;Nord;Hauts-de-France;50.6296518429642;3.06879927992486
Citadelle de Lille;castle;"La porte de la Citadelle : classement par arrêté du 9 mai 1914 - La chapelle : classement par arrêté du 11 janvier 1921 - La citadelle proprement dite avec ses bâtiments, ses bastions, ses fossés, ses demi-lunes et ses glacis ; l'ouvrage dit du Grand Car";1670-01-01;2;fr:Citadelle de Lille;;;PA00107573;Lille;Nord;Hauts-de-France;50.6409373664517;3.04456063547061
Leib Rozenpik;memorial;;2024-06-14;;;;;;Lille;Nord;Hauts-de-France;50.6331604238135;3.05671299464382
Élie Rabinovitch;memorial;;2024-09-20;;;;;;Lille;Nord;Hauts-de-France;50.6305834915019;3.05726058437813
Cathédrale Notre-Dame de la Treille;place_of_worship;La cathédrale en totalité, y compris le clocher provisoire de 1874 (cad. KZ 412, 417) : inscription par arrêté du 2 mars 2009;;3;fr:Cathédrale Notre-Dame-de-la-Treille;christian;catholic;PA59000146;Lille;Nord;Hauts-de-France;50.6402029906654;3.06271438698034
Théâtre du Nord;yes;;;;;;;;Lille;Nord;Hauts-de-France;50.636212085682;3.06405605764371
Monument en Hommage aux Morts de la Police;memorial;;;;;;;;Lille;Nord;Hauts-de-France;50.6298720355726;3.07479481335741
Hôtel Cardon de Montreuil;manor;"Façades et toitures, y compris le portail d'entrée ; l'escalier principal avec sa rampe en fer forgé ; l'escalier secondaire avec sa rampe en bois ; la salle à manger dite aussi antichambre avec ses lambris au rez-de-chaussée (cad. KX 39) : classement pa";;2;;;;PA00107595;Lille;Nord;Hauts-de-France;50.6424097701465;3.05771614081561
;memorial;;;;;;;;Lille;Nord;Hauts-de-France;50.630105723021;3.04675152181724
Porte Royale;monument;;;;;;;;Lille;Nord;Hauts-de-France;50.6406310464741;3.04631599812836
Rayzla Blank née Fuks;memorial;;2024-09-30;;;;;;Lille;Nord;Hauts-de-France;50.6335588994904;3.07219948276622
;fountain;;;;;;;;Lille;Nord;Hauts-de-France;50.6315168141808;3.06956808814175
La Noble Tour;yes;Noble Tour (la) : classement par arrêté du 1er mars 1922;;2;fr:Noble Tour;;;PA00107728;Lille;Nord;Hauts-de-France;50.630872800295;3.0742086987355
Église Notre-Dame-de-Consolation;place_of_worship;;;;;christian;catholic;;Lille;Nord;Hauts-de-France;50.6340785279456;3.04059661570875
Plaque commémorative Désiré et André Leroy;memorial;;;;;;;;Lille;Nord;Hauts-de-France;50.6470011252479;3.05830899282708
Hôtel particulier (hôtel de Tenremonde);building;"Façades et toitures sur cour ; mur de clôture sur rue, avec son portail au tympan sculpté dans la cour (cad. KX 188, 189) : inscription par arrêté du 5 mars 1990, rectifié par arrêté du 10 septembre 1990";;3;fr:Hôtel de Tenremonde;;;PA00107915;Lille;Nord;Hauts-de-France;50.6417317579988;3.05895096279113
parvis des justes;memorial;;;;;;;;Lille;Nord;Hauts-de-France;50.6350203681278;3.06456977158351
Beffroi de la Bourse;yes;;;;;;;;Lille;Nord;Hauts-de-France;50.6376828796708;3.06451453484158
;fountain;;;;;;;;Lille;Nord;Hauts-de-France;50.63119394551;3.06157114572318
Léon Karmiol;memorial;;2024-09-20;;;;;;Lille;Nord;Hauts-de-France;50.6335327479526;3.06409569114001
Chapelle Notre-Dame-de-la-Réconciliation;place_of_worship;Chapelle Notre-Dame-de-la-Réconciliation : inscription par arrêté du 23 décembre 1926;;3;fr:Chapelle Notre-Dame-de-Réconciliation de Lille;christian;;PA00107572;Lille;Nord;Hauts-de-France;50.6260624570456;3.03774064202317
Palais Rameau;building;"La maison du concierge ; le jardin avec sa clôture (cad. NW 265, 266) : inscription par arrêté du 17 avril 1984 - Le bâtiment du Palais Rameau en totalité, avec sa serre (à l'exclusion de la maison du concierge et du jardin avec sa clôture) (cad. NW 266)";;2;fr:Palais Rameau;;;PA00107720;Lille;Nord;Hauts-de-France;50.6342963097159;3.04995354289462
Plaque commémorative en hommage aux 24 cheminots;memorial;Plaque commémorative en hommage aux 24 cheminots qui ont sauvé 34 juifs dont 21 enfants de la Rafle du 11 septembre 1942;2016-09-11;;;;;;Lille;Nord;Hauts-de-France;50.6257659926529;3.08826775878791
Monument à Auguste Angellier;memorial;;;;;;;;Lille;Nord;Hauts-de-France;50.6279555972189;3.06494963943533
Statue de Jeanne Maillotte;memorial;;;;;;;;Lille;Nord;Hauts-de-France;50.6424563735282;3.06341474532618
Mémorial de la Résistance et de la Déportation;memorial;;;;;;;;Lille;Nord;Hauts-de-France;50.6308008342512;3.07418507180901
Colonne de la Déesse;memorial;;;;;;;;Lille;Nord;Hauts-de-France;50.6369027547609;3.06343853306836
Robert Lambek;memorial;;2026-02-05;;;;;;Lille;Nord;Hauts-de-France;50.6332379564179;3.06396459817438
"Église protestante évangélique ""L'Eau Vive""";place_of_worship;;;;;christian;;;Lille;Nord;Hauts-de-France;50.6402699769356;3.08808595869153
Église Saint-Michel;place_of_worship;;1874-01-01;;fr:Église Saint-Michel de Lille;christian;catholic;;Lille;Nord;Hauts-de-France;50.6269444167001;3.06130119771688
Hôtel d'Avelin;manor;Façades sur rue et sur cour, toitures et entrée monumentale : inscription par arrêté du 14 mars 1944;;3;fr:Hôtel d'Avelin;;;PA00107592;Lille;Nord;Hauts-de-France;50.6404543283398;3.067065300181
Monuments aux Morts du XIXe Siècle;memorial;;;;;;;;Lille;Nord;Hauts-de-France;50.626829276309;3.11488249607777
La Locomotive;locomotive;;1937-01-01;;fr:Liste des propriétés communales, services et écoles d’Hellemmes#La Locomotive;;;;Lille;Nord;Hauts-de-France;50.6235540628762;3.1080039121287
Église Saint-André;place_of_worship;;;2;fr:Église Saint-André de Lille;christian;catholic;PA00107577;Lille;Nord;Hauts-de-France;50.6447746357722;3.05388065780066
